Call_Date,Call_Time,Calling_Party,Called_Party,Call_Type,Duration_Sec,Tower_ID,Cell_Site_Address,IMEI
2026-07-01,00:14:22,+919876543210,+919825011223,OUTGOING,180,AHM-CG-TW-42,CG Road Municipal Market,864910049201923
2026-07-01,01:04:33,+919825011223,+919876543210,INCOMING,45,AHM-CG-TW-42,CG Road Municipal Market,864910049201923
2026-07-01,02:18:05,+919876543210,+919879044551,OUTGOING,210,AHM-CG-TW-42,CG Road Municipal Market,864910049201923
2026-07-01,03:45:12,+919426099881,+919876543210,INCOMING,320,AHM-CG-TW-42,CG Road Municipal Market,864910049201923
2026-07-01,08:30:00,+919876543210,+919825011223,OUTGOING,90,AHM-SAT-TW-09,Satellite ISRO Junction,864910049201923
2026-07-01,10:12:44,+919876543210,+919825011223,OUTGOING,140,AHM-SAT-TW-09,Satellite ISRO Junction,864910049201923
2026-07-01,14:20:10,+919876543210,+919879044551,OUTGOING,600,AHM-CG-TW-42,CG Road Municipal Market,864910049201999
2026-07-01,16:55:00,+919876543210,+919825011223,OUTGOING,250,AHM-CG-TW-42,CG Road Municipal Market,864910049201999
2026-07-01,22:10:15,+919825011223,+919876543210,INCOMING,110,AHM-CG-TW-42,CG Road Municipal Market,864910049201999
